_AverageReward,_No_optimal_actions,Steps,ValFuncLoss,_mean_act,_mean_adv,_min_adv,_max_adv,_std_adv,_Episode,_time_from_beginning_in_minutes,PolicyLoss,Clipping,Max ratio,Min ratio,Mean ratio,PolicyEntropy,KL,lr
23.78125,49.0,100000,0.060304646712492346,0.502840056801136,-1.0705146891616923,-7.313601125408252,4.3230253322104735e-16,0.999999954722849,1,0.47,51.07685089111328,0.196,1.1758248,0.6546389,0.9951352,0.3407304,0.0018755608,0.000245
76.48345,22.0,100000,0.01133407258532515,0.17974359487189745,-0.23222767526930485,-26.177497529383572,2.470402721871524,0.9999999974328327,2,0.94,11.131227388978004,0.192,1.1509534,0.6387993,1.0000805,0.14796507,0.00016250249,0.00024
176.88221,6.0,100000,0.0024828551658486854,0.019080381607632153,-0.8904629314624116,-5.325869247815025,4.808785293258574,0.999999994475068,3,1.42,42.752011716365814,0.188,1.0305076,0.7262438,1.0000149,0.019720938,2.1976746e-05,0.000235
