_AverageReward,_No_optimal_actions,Steps,ValFuncLoss,_mean_act,_mean_adv,_min_adv,_max_adv,_std_adv,_Episode,_time_from_beginning_in_minutes,PolicyLoss,Clipping,Max ratio,Min ratio,Mean ratio,PolicyEntropy,KL,lr
31.499425,50.5,40000,0.04017741863069889,0.49337466873343666,-0.192846654278048,-3.557209939548739,2.793819214647831,0.9999999820556178,1,0.18,3.143652066588402,0.196,1.1890697,0.58649004,0.9966701,0.34152314,0.0013984607,0.000245
68.05235,31.5,40000,0.06587939144754489,0.2616880844042202,-0.2957219065767718,-3.912697436353325,3.1668461169607753,0.9999999849080456,2,0.32,5.574561417102814,0.192,1.1232328,0.6406384,1.0000437,0.19646011,9.002933e-05,0.00024
216.56795,22.5,40000,0.1570986135002136,0.033076653832691635,-0.22361306272960013,-4.871888895582863,5.13392403832927,0.9999999754642498,3,0.48,4.204346865415573,0.188,2.247879,0.913744,0.999938,0.028647779,0.00011391246,0.000235
