_AverageReward,_No_optimal_actions,Steps,[1 0]adv2_,[0 0]adv2_,[2 0]adv2_,[3 0]adv2_,[4 0]adv2_,ValFuncLoss,_mean_act,_mean_adv,_min_adv,_max_adv,_std_adv,_Episode,_time_from_beginning_in_minutes,PolicyLoss,Clipping,Max ratio,Min ratio,Mean ratio,PolicyEntropy,KL,lr
25.9879,49.5,40000,-239.34659361276206,-87.07493023137269,-395.5245161707577,-527.6336596375467,-689.6796431557,0.04920493014992443,0.49829991499574977,-0.837610979608528,-4.877181106190776,0.0,0.9999999990764838,1,0.2,15.897260785102844,0.19333333333333336,1.0863706,0.89292413,0.9997923,0.34634838,6.063619e-05,0.00024166666666666667
